event_type,event_code,name,location,date_ce,am_day,vei,description,source,precision,impact_global,period_years,historical_context,brightness_magnitude,duration_days,constellation,magnitude,tsunami_generated,energy_megatons
COMET,HALLEY--239,Halley's Comet,Solar System,-239-05-25,-87513.65,,Halley's Comet return - Chinese records,Orbital_Mechanics,month,True,76.0,Chinese records,,,,,,
COMET,HALLEY--163,Halley's Comet,Solar System,-163-08-28,-59660.64,,Halley's Comet return - Babylonian records,Orbital_Mechanics,month,True,76.0,Babylonian records,,,,,,
COMET,HALLEY--087,Halley's Comet,Solar System,-087-08-06,-31924.63,,Halley's Comet return - Chinese records,Orbital_Mechanics,month,True,76.0,Chinese records,,,,,,
COMET,HALLEY--011,Halley's Comet,Solar System,-011-08-26,-4145.62,,Halley's Comet return - Chinese records,Orbital_Mechanics,month,True,76.0,Chinese records,,,,,,
COMET,HALLEY-0066,Halley's Comet,Solar System,0066-01-25,23765.39,,Halley's Comet return - Josephus account,Orbital_Mechanics,month,True,76.0,Josephus account,,,,,,
COMET,HALLEY-0141,Halley's Comet,Solar System,0141-03-22,51214.4,,Halley's Comet return - Chinese records,Orbital_Mechanics,month,True,76.0,Chinese records,,,,,,
COMET,HALLEY-0218,Halley's Comet,Solar System,0218-05-17,79393.41,,Halley's Comet return - Chinese records,Orbital_Mechanics,month,True,76.0,Chinese records,,,,,,
COMET,HALLEY-0295,Halley's Comet,Solar System,0295-04-20,107490.41,,Halley's Comet return - Chinese records,Orbital_Mechanics,month,True,76.0,Chinese records,,,,,,
COMET,HALLEY-0374,Halley's Comet,Solar System,0374-02-16,136281.42,,Halley's Comet return - Chinese records,Orbital_Mechanics,month,True,76.0,Chinese records,,,,,,
COMET,HALLEY-0451,Halley's Comet,Solar System,0451-06-28,164537.43,,Halley's Comet return - Attila the Hun era,Orbital_Mechanics,month,True,76.0,Attila the Hun era,,,,,,
COMET,HALLEY-0530,Halley's Comet,Solar System,0530-09-27,193482.44,,Halley's Comet return - Byzantine records,Orbital_Mechanics,month,True,76.0,Byzantine records,,,,,,
COMET,HALLEY-0607,Halley's Comet,Solar System,0607-03-15,221409.45,,Halley's Comet return - Japanese records,Orbital_Mechanics,month,True,76.0,Japanese records,,,,,,
COMET,HALLEY-0684,Halley's Comet,Solar System,0684-09-02,249705.46,,Halley's Comet return - European chronicles,Orbital_Mechanics,month,True,76.0,European chronicles,,,,,,
COMET,HALLEY-0760,Halley's Comet,Solar System,0760-05-20,277358.46,,Halley's Comet return - Charlemagne era,Orbital_Mechanics,month,True,76.0,Charlemagne era,,,,,,
COMET,HALLEY-0837,Halley's Comet,Solar System,0837-02-28,305401.47,,Halley's Comet return - Louis the Pious,Orbital_Mechanics,month,True,76.0,Louis the Pious,,,,,,
COMET,HALLEY-0912,Halley's Comet,Solar System,0912-07-18,332934.48,,Halley's Comet return - European records,Orbital_Mechanics,month,True,76.0,European records,,,,,,
COMET,HALLEY-0989,Halley's Comet,Solar System,0989-08-05,361076.48,,Halley's Comet return - European chronicles,Orbital_Mechanics,month,True,76.0,European chronicles,,,,,,
COMET,HALLEY-1066,Halley's Comet,Solar System,1066-03-20,389061.48,,Halley's Comet return - Norman Conquest omen,Orbital_Mechanics,month,True,76.0,Norman Conquest omen,,,,,,
COMET,HALLEY-1145,Halley's Comet,Solar System,1145-04-02,417928.49,,Halley's Comet return - Medieval chronicles,Orbital_Mechanics,month,True,76.0,Medieval chronicles,,,,,,
COMET,HALLEY-1222,Halley's Comet,Solar System,1222-09-28,446231.49,,Halley's Comet return - Mongol invasions,Orbital_Mechanics,month,True,76.0,Mongol invasions,,,,,,
COMET,HALLEY-1301,Halley's Comet,Solar System,1301-10-25,475112.49,,Halley's Comet return - Giotto's star,Orbital_Mechanics,month,True,76.0,Giotto's star,,,,,,
COMET,HALLEY-1378,Halley's Comet,Solar System,1378-11-08,503250.49,,Halley's Comet return - Great Schism era,Orbital_Mechanics,month,True,76.0,Great Schism era,,,,,,
COMET,HALLEY-1456,Halley's Comet,Solar System,1456-06-09,531587.5,,Halley's Comet return - Ottoman threat,Orbital_Mechanics,month,True,76.0,Ottoman threat,,,,,,
COMET,HALLEY-1531,Halley's Comet,Solar System,1531-08-26,559057.5,,Halley's Comet return - Reformation era,Orbital_Mechanics,day,True,76.0,Reformation era,,,,,,
COMET,HALLEY-1607,Halley's Comet,Solar System,1607-10-27,586878.5,,Halley's Comet return - Kepler observations,Orbital_Mechanics,day,True,76.0,Kepler observations,,,,,,
COMET,HALLEY-1682,Halley's Comet,Solar System,1682-08-15,614199.5,,Halley's Comet return - Halley's calculation,Orbital_Mechanics,day,True,76.0,Halley's calculation,,,,,,
COMET,HALLEY-1758,Halley's Comet,Solar System,1758-12-25,642089.5,,Halley's Comet return - Return predicted,Orbital_Mechanics,day,True,76.0,Return predicted,,,,,,
COMET,HALLEY-1835,Halley's Comet,Solar System,1835-11-16,670173.5,,Halley's Comet return - Darwin's era,Orbital_Mechanics,day,True,76.0,Darwin's era,,,,,,
COMET,HALLEY-1910,Halley's Comet,Solar System,1910-04-20,697356.5,,Halley's Comet return - Earth through tail,Orbital_Mechanics,day,True,76.0,Earth through tail,,,,,,
COMET,HALLEY-1986,Halley's Comet,Solar System,1986-02-09,725045.5,,Halley's Comet return - Space missions,Orbital_Mechanics,day,True,76.0,Space missions,,,,,,
EARTHQUAKE,EQ-0526-ANTIOCH,Byzantine earthquake,Antioch,0526-05-20,191891.44,,Byzantine earthquake,Seismic_Records,estimated,False,,,,,,7.0,False,
IMPACT,IMPACT-1803-L'AIGLE,L'Aigle Meteorite,France,1803-04-26,658281.5,,Proved extraterrestrial origin,Impact_Records,day,False,,,,,,,,0.0001
IMPACT,IMPACT-1908-TUNGUSKA,Tunguska Event,"Siberia, Russia",1908-06-30,696697.5,,Atmospheric explosion,Impact_Records,day,True,,,,,,,,15.0
IMPACT,IMPACT-1947-SIKHOTE-ALIN,Sikhote-Alin,Russia,1947-02-12,710803.5,,Iron meteorite shower,Impact_Records,day,False,,,,,,,,0.01
IMPACT,IMPACT-2007-CARANCAS,Carancas Impact,Peru,2007-09-15,732933.5,,Recent crater formation,Impact_Records,day,False,,,,,,,,0.001
IMPACT,IMPACT-2013-CHELYABINSK,Chelyabinsk Meteor,Russia,2013-02-15,734913.5,,Airburst over city,Impact_Records,day,False,,,,,,,,0.5
MILITARY_CONFLICT,WAR--031-BATTLEOFACTIUM,Battle of Actium,,,Greece,-031-01-01,11323.0,,,,End of Roman Republic,Battle of Actium - End of Roman Republic,Military_Records,year,False,,,,,Octavian vs Mark Antony,battle,,
MILITARY_CONFLICT,WAR--216-BATTLEOFCANNAE,Battle of Cannae,,,Italy,-216-01-01,78893.0,,,,Hannibal's greatest victory,Battle of Cannae - Hannibal's greatest victory,Military_Records,year,False,,,,,Hannibal vs Romans,battle,,
MILITARY_CONFLICT,WAR--264-PUNICWARS,Punic Wars,,,Mediterranean,-264-01-01,96425.0,,,,Roman dominance,Punic Wars - Roman dominance,Military_Records,year,False,,,,,Rome vs Carthage,war,,
MILITARY_CONFLICT,WAR--331-BATTLEOFGAUGAME,Battle of Gaugamela,,,Mesopotamia,-331-01-01,120895.0,,,,Alexander conquers Persia,Battle of Gaugamela - Alexander conquers Persia,Military_Records,year,False,,,,,Alexander vs Darius,battle,,
MILITARY_CONFLICT,WAR--431-PELOPONNESIANWA,Peloponnesian War,,,Greece,-431-01-01,157420.0,,,,End of Athenian dominance,Peloponnesian War - End of Athenian dominance,Military_Records,year,False,,,,,Athens vs Sparta,war,,
MILITARY_CONFLICT,WAR--480-BATTLEOFTHERMOP,Battle of Thermopylae,,,Greece,-480-01-01,175318.0,,,,Heroic last stand,Battle of Thermopylae - Heroic last stand,Military_Records,year,False,,,,,300 Spartans vs Persians,battle,,
MILITARY_CONFLICT,WAR--490-BATTLEOFMARATHO,Battle of Marathon,,,Greece,-490-01-01,178970.0,,,,Greek victory over Persians,Battle of Marathon - Greek victory over Persians,Military_Records,year,False,,,,,Greeks vs Persians,battle,,
MILITARY_CONFLICT,WAR-0732-BATTLEOFTOURS,Battle of Tours,,,France,0732-01-01,266992.0,,,,Stopped Muslim expansion,Battle of Tours - Stopped Muslim expansion,Military_Records,year,False,,,,,Franks vs Muslims,battle,,
MILITARY_CONFLICT,WAR-1066-BATTLEOFHASTING,Battle of Hastings,,,England,1066-01-01,388984.0,,,,Norman Conquest,Battle of Hastings - Norman Conquest,Military_Records,year,False,,,,,Normans vs Anglo-Saxons,battle,,
MILITARY_CONFLICT,WAR-1071-BATTLEOFMANZIKE,Battle of Manzikert,,,Turkey,1071-01-01,390810.0,,,,Byzantine decline,Battle of Manzikert - Byzantine decline,Military_Records,year,False,,,,,Seljuks vs Byzantines,battle,,
MILITARY_CONFLICT,WAR-1095-FIRSTCRUSADE,First Crusade,,,Holy Land,1095-01-01,399576.0,,,,Capture of Jerusalem,First Crusade - Capture of Jerusalem,Military_Records,year,True,,,,,Crusaders vs Muslims,crusade,,
MILITARY_CONFLICT,WAR-1189-THIRDCRUSADE,Third Crusade,,,Holy Land,1189-01-01,433909.0,,,,Failed to retake Jerusalem,Third Crusade - Failed to retake Jerusalem,Military_Records,year,True,,,,,Richard vs Saladin,crusade,,
MILITARY_CONFLICT,WAR-1337-HUNDREDYEARSWAR,Hundred Years' War,,,France,1337-01-01,487965.0,,,,"Longbow warfare, Joan of Arc","Hundred Years' War - Longbow warfare, Joan of Arc",Military_Records,year,True,,,,,England vs France,war,,
MILITARY_CONFLICT,WAR-1415-BATTLEOFAGINCOU,Battle of Agincourt,,,France,1415-01-01,516453.0,,,,Henry V's victory,Battle of Agincourt - Henry V's victory,Military_Records,year,False,,,,,English vs French,battle,,
MILITARY_CONFLICT,WAR-1453-FALLOFCONSTANTI,Fall of Constantinople,,,Byzantine Empire,1453-01-01,530333.0,,,,End of Byzantine Empire,Fall of Constantinople - End of Byzantine Empire,Military_Records,year,False,,,,,Ottomans vs Byzantines,siege,,
MILITARY_CONFLICT,WAR-1494-ITALIANWARS,Italian Wars,,,Italy,1494-01-01,545308.0,,,,Habsburg-Valois rivalry,Italian Wars - Habsburg-Valois rivalry,Military_Records,year,True,,,,,European powers,war,,
MILITARY_CONFLICT,WAR-1571-BATTLEOFLEPANTO,Battle of Lepanto,,,Greece,1571-01-01,573431.0,,,,Christian naval victory,Battle of Lepanto - Christian naval victory,Military_Records,year,False,,,,,Holy League vs Ottomans,naval,,
MILITARY_CONFLICT,WAR-1618-THIRTYYEARSWAR,Thirty Years' War,,,Germany,1618-01-01,590598.0,,,,Religious warfare,Thirty Years' War - Religious warfare,Military_Records,year,True,,,,,Catholics vs Protestants,war,,
MILITARY_CONFLICT,WAR-1642-ENGLISHCIVILWAR,English Civil War,,,England,1642-01-01,599364.0,,,,Execution of Charles I,English Civil War - Execution of Charles I,Military_Records,year,False,,,,,Royalists vs Parliamentarians,civil_war,,
MILITARY_CONFLICT,WAR-1701-WAROFSPANISHSUC,War of Spanish Succession,,,Europe,1701-01-01,620913.0,,,,Balance of power,War of Spanish Succession - Balance of power,Military_Records,year,True,,,,,European coalitions,war,,
MILITARY_CONFLICT,WAR-1756-SEVENYEARSWAR,Seven Years' War,,,Global,1756-01-01,641001.0,,,,First global war,Seven Years' War - First global war,Military_Records,year,True,,,,,Major European powers,war,,
MILITARY_CONFLICT,WAR-1775-AMERICANREVOLUT,American Revolutionary War,,,North America,1775-01-01,647941.0,,,,American independence,American Revolutionary War - American independence,Military_Records,year,False,,,,,Americans vs British,revolution,,
MILITARY_CONFLICT,WAR-1792-FRENCHREVOLUTIO,French Revolutionary Wars,,,Europe,1792-01-01,654150.0,,,,Revolutionary expansion,French Revolutionary Wars - Revolutionary expansion,Military_Records,year,True,,,,,France vs coalitions,war,,
MILITARY_CONFLICT,WAR-1805-BATTLEOFAUSTERL,Battle of Austerlitz,,,Austria,1805-01-01,658898.0,,,,Napoleon's masterpiece,Battle of Austerlitz - Napoleon's masterpiece,Military_Records,year,False,,,,,Napoleon vs coalitions,battle,,
MILITARY_CONFLICT,WAR-1815-BATTLEOFWATERLO,Battle of Waterloo,,,Belgium,1815-01-01,662550.0,,,,End of Napoleon,Battle of Waterloo - End of Napoleon,Military_Records,year,False,,,,,Napoleon vs Wellington,battle,,
MILITARY_CONFLICT,WAR-1853-CRIMEANWAR,Crimean War,,,Crimea,1853-01-01,676430.0,,,,"Modern nursing, photography","Crimean War - Modern nursing, photography",Military_Records,year,True,,,,,Russia vs Ottoman allies,war,,
MILITARY_CONFLICT,WAR-1861-AMERICANCIVILWA,American Civil War,,,United States,1861-01-01,679352.0,,,,Abolition of slavery,American Civil War - Abolition of slavery,Military_Records,year,False,,,,,Union vs Confederacy,civil_war,,
MILITARY_CONFLICT,WAR-1870-FRANCO-PRUSSIAN,Franco-Prussian War,,,France,1870-01-01,682639.0,,,,German unification,Franco-Prussian War - German unification,Military_Records,year,True,,,,,Prussia vs France,war,,
PANDEMIC,PLAGUE-0165-ANTONINEPLAGUE,Antonine Plague,,,Roman Empire,0165-01-01,59901.0,,,,Marked beginning of Roman decline,Antonine Plague - Marked beginning of Roman decline,Medical_Records,year,False,,,,,,,Smallpox/Measles,5 million
PANDEMIC,PLAGUE-0249-PLAGUEOFCYPRIAN,Plague of Cyprian,,,Roman Empire,0249-01-01,90581.0,,,,Further weakened Rome,Plague of Cyprian - Further weakened Rome,Medical_Records,year,False,,,,,,,Unknown,High
PANDEMIC,PLAGUE--430-PLAGUEOFATHENS,Plague of Athens,,,"Athens, Greece",-430-01-01,157055.0,,,,Weakened Athens in Peloponnesian War,Plague of Athens - Weakened Athens in Peloponnesian War,Medical_Records,year,False,,,,,,,Unknown (typhus?),25%
PANDEMIC,PLAGUE-0541-JUSTINIANPLAGUE,Justinian Plague,,,Byzantine Empire,0541-01-01,197232.0,,,,First recorded bubonic plague pandemic,Justinian Plague - First recorded bubonic plague pandemic,Medical_Records,year,False,,,,,,,Yersinia pestis,40%
PANDEMIC,PLAGUE-1347-BLACKDEATH,Black Death,,,Europe/Asia,1347-01-01,491617.0,,,,Most devastating pandemic in human history,Black Death - Most devastating pandemic in human history,Medical_Records,year,True,,,,,,,Yersinia pestis,30-60%
PANDEMIC,PLAGUE-1518-DANCINGPLAGUEOF,Dancing Plague of 1518,,,Strasbourg,1518-01-01,554073.0,,,,Psychological epidemic,Dancing Plague of 1518 - Psychological epidemic,Medical_Records,year,False,,,,,,,Mass hysteria,Several deaths
PANDEMIC,PLAGUE-1665-GREATPLAGUEOFLO,Great Plague of London,,,"London, England",1665-01-01,607765.0,,,,Last major outbreak in England,Great Plague of London - Last major outbreak in England,Medical_Records,year,False,,,,,,,Yersinia pestis,"100,000"
PANDEMIC,PLAGUE-1720-GREATPLAGUEOFMA,Great Plague of Marseille,,,"Marseille, France",1720-01-01,627852.0,,,,Last major plague in Western Europe,Great Plague of Marseille - Last major plague in Western Europe,Medical_Records,year,False,,,,,,,Yersinia pestis,50%
PANDEMIC,PLAGUE-1817-FIRSTCHOLERAPAN,First Cholera Pandemic,,,Asia/Europe,1817-01-01,663281.0,,,,First global cholera spread,First Cholera Pandemic - First global cholera spread,Medical_Records,year,True,,,,,,,Vibrio cholerae,Millions
PANDEMIC,PLAGUE-1852-THIRDCHOLERAPAN,Third Cholera Pandemic,,,Global,1852-01-01,676064.0,,,,Reached North America,Third Cholera Pandemic - Reached North America,Medical_Records,year,True,,,,,,,Vibrio cholerae,1 million+
PANDEMIC,PLAGUE-1855-THIRDPLAGUEPAND,Third Plague Pandemic,,,Global,1855-01-01,677160.0,,,,"Started in China, spread globally","Third Plague Pandemic - Started in China, spread globally",Medical_Records,year,True,,,,,,,Yersinia pestis,12 million
PANDEMIC,PLAGUE-1918-1918INFLUENZAPA,1918 Influenza Pandemic,,,Global,1918-01-01,700170.0,,,,"Spanish flu, most deadly pandemic","1918 Influenza Pandemic - Spanish flu, most deadly pandemic",Medical_Records,year,True,,,,,,,H1N1 influenza,50-100 million
PANDEMIC,PLAGUE-1957-1957ASIANFLU,1957 Asian Flu,,,Global,1957-01-01,714415.0,,,,Second major flu pandemic,1957 Asian Flu - Second major flu pandemic,Medical_Records,year,True,,,,,,,H2N2 influenza,1-2 million
PANDEMIC,PLAGUE-1968-1968HONGKONGFLU,1968 Hong Kong Flu,,,Global,1968-01-01,718432.0,,,,Third major flu pandemic,1968 Hong Kong Flu - Third major flu pandemic,Medical_Records,year,True,,,,,,,H3N2 influenza,1 million
PANDEMIC,PLAGUE-1981-HIVAIDSPANDEMIC,HIV/AIDS Pandemic,,,Global,1981-01-01,723181.0,,,,Ongoing global health crisis,HIV/AIDS Pandemic - Ongoing global health crisis,Medical_Records,year,True,,,,,,,HIV,36 million+
PANDEMIC,PLAGUE-2019-COVID-19PANDEMI,COVID-19 Pandemic,,,Global,2019-01-01,737060.0,,,,Recent global pandemic,COVID-19 Pandemic - Recent global pandemic,Medical_Records,year,True,,,,,,,SARS-CoV-2,7 million+
PAPAL_DEATH,POPE-DEATH-0064-SAINTPETER,Saint Peter - Papal Death,,,Vatican/Rome,0064-12-31,23011.0,,,,"First Pope, martyred",Death of Pope Saint Peter - End of 34-year papacy,Ecclesiastical_Records,year,True,Saint Peter,30.0,64.0,34.0,,,,
PAPAL_DEATH,POPE-DEATH-0076-SAINTLINUS,Saint Linus - Papal Death,,,Vatican/Rome,0076-12-31,27394.0,,,,Second Pope,Death of Pope Saint Linus - End of 9-year papacy,Ecclesiastical_Records,year,True,Saint Linus,67.0,76.0,9.0,,,,
PAPAL_DEATH,POPE-DEATH-0335-POPESYLVESTERI,Pope Sylvester I - Papal Death,,,Vatican/Rome,0335-12-31,121991.0,,,,Constantine's era,Death of Pope Pope Sylvester I - End of 21-year papacy,Ecclesiastical_Records,year,True,Pope Sylvester I,314.0,335.0,21.0,,,,
PAPAL_DEATH,POPE-DEATH-0461-POPELEOI,Pope Leo I - Papal Death,,,Vatican/Rome,0461-12-31,168013.0,,,,"The Great, met Attila",Death of Pope Pope Leo I - End of 21-year papacy,Ecclesiastical_Records,year,True,Pope Leo I,440.0,461.0,21.0,,,,
PAPAL_DEATH,POPE-DEATH-0604-POPEGREGORYI,Pope Gregory I - Papal Death,,,Vatican/Rome,0604-12-31,220241.0,,,,"The Great, liturgical reforms",Death of Pope Pope Gregory I - End of 14-year papacy,Ecclesiastical_Records,year,True,Pope Gregory I,590.0,604.0,14.0,,,,
PAPAL_DEATH,POPE-DEATH-1099-POPEURBANII,Pope Urban II - Papal Death,,,Vatican/Rome,1099-12-31,401037.0,,,,Called First Crusade,Death of Pope Pope Urban II - End of 11-year papacy,Ecclesiastical_Records,year,True,Pope Urban II,1088.0,1099.0,11.0,,,,
PAPAL_DEATH,POPE-DEATH-1216-POPEINNOCENTIII,Pope Innocent III - Papal Death,,,Vatican/Rome,1216-12-31,443770.0,,,,Peak of papal power,Death of Pope Pope Innocent III - End of 18-year papacy,Ecclesiastical_Records,year,True,Pope Innocent III,1198.0,1216.0,18.0,,,,
PAPAL_DEATH,POPE-DEATH-1303-POPEBONIFACEVIII,Pope Boniface VIII - Papal Death,,,Vatican/Rome,1303-12-31,475546.0,,,,Conflict with Philip IV,Death of Pope Pope Boniface VIII - End of 9-year papacy,Ecclesiastical_Records,year,True,Pope Boniface VIII,1294.0,1303.0,9.0,,,,
PAPAL_DEATH,POPE-DEATH-1314-POPECLEMENTV,Pope Clement V - Papal Death,,,Vatican/Rome,1314-12-31,479564.0,,,,Avignon Papacy begins,Death of Pope Pope Clement V - End of 9-year papacy,Ecclesiastical_Records,year,True,Pope Clement V,1305.0,1314.0,9.0,,,,
PAPAL_DEATH,POPE-DEATH-1378-POPEGREGORYXI,Pope Gregory XI - Papal Death,,,Vatican/Rome,1378-12-31,502940.0,,,,Return to Rome,Death of Pope Pope Gregory XI - End of 8-year papacy,Ecclesiastical_Records,year,True,Pope Gregory XI,1370.0,1378.0,8.0,,,,
PAPAL_DEATH,POPE-DEATH-1431-POPEMARTINV,Pope Martin V - Papal Death,,,Vatican/Rome,1431-12-31,522297.0,,,,End of Western Schism,Death of Pope Pope Martin V - End of 14-year papacy,Ecclesiastical_Records,year,True,Pope Martin V,1417.0,1431.0,14.0,,,,
PAPAL_DEATH,POPE-DEATH-1455-POPENICHOLASV,Pope Nicholas V - Papal Death,,,Vatican/Rome,1455-12-31,531063.0,,,,Renaissance patron,Death of Pope Pope Nicholas V - End of 8-year papacy,Ecclesiastical_Records,year,True,Pope Nicholas V,1447.0,1455.0,8.0,,,,
PAPAL_DEATH,POPE-DEATH-1484-POPESIXTUSIV,Pope Sixtus IV - Papal Death,,,Vatican/Rome,1484-12-31,541655.0,,,,Sistine Chapel,Death of Pope Pope Sixtus IV - End of 13-year papacy,Ecclesiastical_Records,year,True,Pope Sixtus IV,1471.0,1484.0,13.0,,,,
PAPAL_DEATH,POPE-DEATH-1513-POPEJULIUSII,Pope Julius II - Papal Death,,,Vatican/Rome,1513-12-31,552247.0,,,,"Warrior Pope, Michelangelo",Death of Pope Pope Julius II - End of 10-year papacy,Ecclesiastical_Records,year,True,Pope Julius II,1503.0,1513.0,10.0,,,,
PAPAL_DEATH,POPE-DEATH-1521-POPELEOX,Pope Leo X - Papal Death,,,Vatican/Rome,1521-12-31,555169.0,,,,Luther's excommunication,Death of Pope Pope Leo X - End of 8-year papacy,Ecclesiastical_Records,year,True,Pope Leo X,1513.0,1521.0,8.0,,,,
PAPAL_DEATH,POPE-DEATH-1549-POPEPAULIII,Pope Paul III - Papal Death,,,Vatican/Rome,1549-12-31,565396.0,,,,Council of Trent,Death of Pope Pope Paul III - End of 15-year papacy,Ecclesiastical_Records,year,True,Pope Paul III,1534.0,1549.0,15.0,,,,
PAPAL_DEATH,POPE-DEATH-1572-POPEPIUSV,Pope Pius V - Papal Death,,,Vatican/Rome,1572-12-31,573796.0,,,,Battle of Lepanto,Death of Pope Pope Pius V - End of 6-year papacy,Ecclesiastical_Records,year,True,Pope Pius V,1566.0,1572.0,6.0,,,,
PAPAL_DEATH,POPE-DEATH-1878-POPEPIUSIX,Pope Pius IX - Papal Death,,,Vatican/Rome,1878-12-31,685561.0,,,,"Longest papacy, Vatican I",Death of Pope Pope Pius IX - End of 32-year papacy,Ecclesiastical_Records,year,True,Pope Pius IX,1846.0,1878.0,32.0,,,,
PAPAL_DEATH,POPE-DEATH-1903-POPELEOXIII,Pope Leo XIII - Papal Death,,,Vatican/Rome,1903-12-31,694691.0,,,,Social teaching,Death of Pope Pope Leo XIII - End of 25-year papacy,Ecclesiastical_Records,year,True,Pope Leo XIII,1878.0,1903.0,25.0,,,,
PAPAL_DEATH,POPE-DEATH-1963-POPEJOHNXXIII,Pope John XXIII - Papal Death,,,Vatican/Rome,1963-12-31,716606.0,,,,Vatican II Council,Death of Pope Pope John XXIII - End of 5-year papacy,Ecclesiastical_Records,year,True,Pope John XXIII,1958.0,1963.0,5.0,,,,
PAPAL_ELECTION,POPE-0030-SAINTPETER,Saint Peter - Papal Election,,,Vatican/Rome,0030-01-01,10593.0,,,,"First Pope, martyred","Election of Saint Peter as Pope - First Pope, martyred",Ecclesiastical_Records,year,True,Saint Peter,30.0,64.0,34.0,,,,
PAPAL_ELECTION,POPE-0067-SAINTLINUS,Saint Linus - Papal Election,,,Vatican/Rome,0067-01-01,24107.0,,,,Second Pope,Election of Saint Linus as Pope - Second Pope,Ecclesiastical_Records,year,True,Saint Linus,67.0,76.0,9.0,,,,
PAPAL_ELECTION,POPE-0314-POPESYLVESTERI,Pope Sylvester I - Papal Election,,,Vatican/Rome,0314-01-01,114321.0,,,,Constantine's era,Election of Pope Sylvester I as Pope - Constantine's era,Ecclesiastical_Records,year,True,Pope Sylvester I,314.0,335.0,21.0,,,,
PAPAL_ELECTION,POPE-0440-POPELEOI,Pope Leo I - Papal Election,,,Vatican/Rome,0440-01-01,160342.0,,,,"The Great, met Attila","Election of Pope Leo I as Pope - The Great, met Attila",Ecclesiastical_Records,year,True,Pope Leo I,440.0,461.0,21.0,,,,
PAPAL_ELECTION,POPE-0590-POPEGREGORYI,Pope Gregory I - Papal Election,,,Vatican/Rome,0590-01-01,215129.0,,,,"The Great, liturgical reforms","Election of Pope Gregory I as Pope - The Great, liturgical reforms",Ecclesiastical_Records,year,True,Pope Gregory I,590.0,604.0,14.0,,,,
PAPAL_ELECTION,POPE-1088-POPEURBANII,Pope Urban II - Papal Election,,,Vatican/Rome,1088-01-01,397019.0,,,,Called First Crusade,Election of Pope Urban II as Pope - Called First Crusade,Ecclesiastical_Records,year,True,Pope Urban II,1088.0,1099.0,11.0,,,,
PAPAL_ELECTION,POPE-1198-POPEINNOCENTIII,Pope Innocent III - Papal Election,,,Vatican/Rome,1198-01-01,437196.0,,,,Peak of papal power,Election of Pope Innocent III as Pope - Peak of papal power,Ecclesiastical_Records,year,True,Pope Innocent III,1198.0,1216.0,18.0,,,,
PAPAL_ELECTION,POPE-1294-POPEBONIFACEVIII,Pope Boniface VIII - Papal Election,,,Vatican/Rome,1294-01-01,472260.0,,,,Conflict with Philip IV,Election of Pope Boniface VIII as Pope - Conflict with Philip IV,Ecclesiastical_Records,year,True,Pope Boniface VIII,1294.0,1303.0,9.0,,,,
PAPAL_ELECTION,POPE-1305-POPECLEMENTV,Pope Clement V - Papal Election,,,Vatican/Rome,1305-01-01,476277.0,,,,Avignon Papacy begins,Election of Pope Clement V as Pope - Avignon Papacy begins,Ecclesiastical_Records,year,True,Pope Clement V,1305.0,1314.0,9.0,,,,
PAPAL_ELECTION,POPE-1370-POPEGREGORYXI,Pope Gregory XI - Papal Election,,,Vatican/Rome,1370-01-01,500018.0,,,,Return to Rome,Election of Pope Gregory XI as Pope - Return to Rome,Ecclesiastical_Records,year,True,Pope Gregory XI,1370.0,1378.0,8.0,,,,
PAPAL_ELECTION,POPE-1417-POPEMARTINV,Pope Martin V - Papal Election,,,Vatican/Rome,1417-01-01,517184.0,,,,End of Western Schism,Election of Pope Martin V as Pope - End of Western Schism,Ecclesiastical_Records,year,True,Pope Martin V,1417.0,1431.0,14.0,,,,
PAPAL_ELECTION,POPE-1447-POPENICHOLASV,Pope Nicholas V - Papal Election,,,Vatican/Rome,1447-01-01,528141.0,,,,Renaissance patron,Election of Pope Nicholas V as Pope - Renaissance patron,Ecclesiastical_Records,year,True,Pope Nicholas V,1447.0,1455.0,8.0,,,,
PAPAL_ELECTION,POPE-1471-POPESIXTUSIV,Pope Sixtus IV - Papal Election,,,Vatican/Rome,1471-01-01,536907.0,,,,Sistine Chapel,Election of Pope Sixtus IV as Pope - Sistine Chapel,Ecclesiastical_Records,year,True,Pope Sixtus IV,1471.0,1484.0,13.0,,,,
PAPAL_ELECTION,POPE-1503-POPEJULIUSII,Pope Julius II - Papal Election,,,Vatican/Rome,1503-01-01,548594.0,,,,"Warrior Pope, Michelangelo","Election of Pope Julius II as Pope - Warrior Pope, Michelangelo",Ecclesiastical_Records,year,True,Pope Julius II,1503.0,1513.0,10.0,,,,
PAPAL_ELECTION,POPE-1513-POPELEOX,Pope Leo X - Papal Election,,,Vatican/Rome,1513-01-01,552247.0,,,,Luther's excommunication,Election of Pope Leo X as Pope - Luther's excommunication,Ecclesiastical_Records,year,True,Pope Leo X,1513.0,1521.0,8.0,,,,
PAPAL_ELECTION,POPE-1534-POPEPAULIII,Pope Paul III - Papal Election,,,Vatican/Rome,1534-01-01,559917.0,,,,Council of Trent,Election of Pope Paul III as Pope - Council of Trent,Ecclesiastical_Records,year,True,Pope Paul III,1534.0,1549.0,15.0,,,,
PAPAL_ELECTION,POPE-1566-POPEPIUSV,Pope Pius V - Papal Election,,,Vatican/Rome,1566-01-01,571605.0,,,,Battle of Lepanto,Election of Pope Pius V as Pope - Battle of Lepanto,Ecclesiastical_Records,year,True,Pope Pius V,1566.0,1572.0,6.0,,,,
PAPAL_ELECTION,POPE-1846-POPEPIUSIX,Pope Pius IX - Papal Election,,,Vatican/Rome,1846-01-01,673873.0,,,,"Longest papacy, Vatican I","Election of Pope Pius IX as Pope - Longest papacy, Vatican I",Ecclesiastical_Records,year,True,Pope Pius IX,1846.0,1878.0,32.0,,,,
PAPAL_ELECTION,POPE-1878-POPELEOXIII,Pope Leo XIII - Papal Election,,,Vatican/Rome,1878-01-01,685561.0,,,,Social teaching,Election of Pope Leo XIII as Pope - Social teaching,Ecclesiastical_Records,year,True,Pope Leo XIII,1878.0,1903.0,25.0,,,,
PAPAL_ELECTION,POPE-1958-POPEJOHNXXIII,Pope John XXIII - Papal Election,,,Vatican/Rome,1958-01-01,714780.0,,,,Vatican II Council,Election of Pope John XXIII as Pope - Vatican II Council,Ecclesiastical_Records,year,True,Pope John XXIII,1958.0,1963.0,5.0,,,,
SUPERNOVA,SN-0185-CENTAURUS,SN 185,Centaurus constellation,0185-12-07,67545.4,,First recorded supernova,Historical_Astronomy,week,True,,,-8.0,20.0,Centaurus,,,
SUPERNOVA,SN-1006-LUPUS,SN 1006,Lupus constellation,1006-04-30,367187.48,,Brightest recorded supernova,Historical_Astronomy,week,True,,,-7.5,92.0,Lupus,,,
SUPERNOVA,SN-1054-TAURUS,SN 1054,Taurus constellation,1054-07-04,384784.48,,Crab Nebula progenitor,Historical_Astronomy,week,True,,,-6.0,23.0,Taurus,,,
SUPERNOVA,SN-1181-CASSIOPEIA,SN 1181,Cassiopeia constellation,1181-08-06,431203.49,,Chinese astronomers,Historical_Astronomy,week,False,,,-1.0,185.0,Cassiopeia,,,
SUPERNOVA,SN-1572-CASSIOPEIA,SN 1572,Cassiopeia constellation,1572-11-11,574110.5,,Tycho's Supernova,Historical_Astronomy,day,False,,,-4.0,16.0,Cassiopeia,,,
SUPERNOVA,SN-1604-OPHIUCHUS,SN 1604,Ophiuchus constellation,1604-10-09,585765.5,,Kepler's Supernova,Historical_Astronomy,day,False,,,-2.5,12.0,Ophiuchus,,,
SUPERNOVA,SN-1987-DORADO,SN 1987A,Dorado constellation,1987-02-23,725424.5,,Modern supernova,Historical_Astronomy,day,False,,,2.9,365.0,Dorado,,,
TSUNAMI,EQ-1700-CASCADIA,Cascadia Subduction Zone,Cascadia,1700-01-26,620572.5,,Cascadia Subduction Zone,Seismic_Records,day,True,,,,,,9.0,True,
TSUNAMI,EQ-1755-LISBON,Great Lisbon Earthquake,"Lisbon, Portugal",1755-11-01,640939.5,,Great Lisbon Earthquake,Seismic_Records,day,False,,,,,,8.5,True,
TSUNAMI,EQ-1868-ARICA,Arica tsunami,"Arica, Chile",1868-08-13,682132.5,,Arica tsunami,Seismic_Records,day,False,,,,,,8.5,True,
TSUNAMI,EQ-1896-SANRIKU,Meiji-Sanriku tsunami,"Sanriku, Japan",1896-06-15,692300.5,,Meiji-Sanriku tsunami,Seismic_Records,day,False,,,,,,8.5,True,
TSUNAMI,EQ-1952-KAMCHATKA,Severo-Kurilsk tsunami,Kamchatka,1952-11-04,712895.5,,Severo-Kurilsk tsunami,Seismic_Records,day,True,,,,,,9.0,True,
TSUNAMI,EQ-1960-CHILE,Most powerful recorded earthquake,Chile,1960-05-22,715651.5,,Most powerful recorded earthquake,Seismic_Records,day,True,,,,,,9.5,True,
TSUNAMI,EQ-1964-ALASKA,Good Friday Earthquake,Alaska,1964-03-28,717057.5,,Good Friday Earthquake,Seismic_Records,day,True,,,,,,9.2,True,
TSUNAMI,EQ-2004-SUMATRA,Indian Ocean Tsunami,"Sumatra, Indonesia",2004-12-26,731940.5,,Indian Ocean Tsunami,Seismic_Records,day,True,,,,,,9.1,True,
TSUNAMI,EQ-2011-JAPAN,Tohoku Earthquake,Japan,2011-03-11,734206.5,,Tohoku Earthquake,Seismic_Records,day,True,,,,,,9.1,True,
VOLCANO,VOLC--1628-SANTORINI,Santorini,Greece,-1628-06-15,-594814.94,7.0,Minoan civilization impact,Historical_Records,month,True,,,,,,,,
VOLCANO,VOLC-0079-VESUVIUS,Vesuvius,Italy,0079-08-24,28724.39,5.0,Pompeii destruction,Historical_Records,month,False,,,,,,,,
VOLCANO,VOLC-0181-TAUPO,Taupo,New Zealand,0181-08-01,65956.4,7.0,Largest recent eruption,Historical_Records,month,True,,,,,,,,
VOLCANO,VOLC-1783-LAKI,Laki,Iceland,1783-06-08,651020.5,4.0,European haze,Historical_Records,day,False,,,,,,,,
VOLCANO,VOLC-1792-UNZEN,Unzen,Japan,1792-05-21,654290.5,4.0,Tsunami trigger,Historical_Records,day,False,,,,,,,,
VOLCANO,VOLC-1814-MAYON,Mayon,Philippines,1814-02-01,662215.5,4.0,Luzon devastation,Historical_Records,day,False,,,,,,,,
VOLCANO,VOLC-1815-TAMBORA,Tambora,Indonesia,1815-04-10,662648.5,7.0,Year Without Summer,Historical_Records,day,True,,,,,,,,
VOLCANO,VOLC-1822-GALUNGGUNG,Galunggung,Indonesia,1822-10-08,665386.5,5.0,Major ash fallout,Historical_Records,day,False,,,,,,,,
VOLCANO,VOLC-1835-COSIGÜINA,Cosigüina,Nicaragua,1835-01-20,669873.5,5.0,Central America impact,Historical_Records,day,False,,,,,,,,
VOLCANO,VOLC-1883-KRAKATOA,Krakatoa,Indonesia,1883-08-27,687624.5,6.0,Global climate impact,Historical_Records,day,True,,,,,,,,
EARTHQUAKE_RECENT,EQ-20251102-AFGHANISTAN,"M 6.3 - 35 km SW of Khulm, Afghanistan","35 km SW of Khulm, Afghanistan",2025-11-02,21:28:59,739556.4,6.3,10.0,36.4789,67.413,False,,611,USGS_RealTime,https://earthquake.usgs.gov/earthquakes/eventpage/us6000rl31,,,,,,,,,,,
EARTHQUAKE_RECENT,EQ-20251030-ALASKA,"M 5.4 - 48 km ESE of Fox River, Alaska","48 km ESE of Fox River, Alaska",2025-10-30,18:33:14,739553.27,5.4,23.6,59.6308,-150.2328,True,2173.0,939,USGS_RealTime,https://earthquake.usgs.gov/earthquakes/eventpage/ak025dxe5mlz,,,,,,,,,,,
EARTHQUAKE_RECENT,EQ-20251028-BANDASEA,M 6.4 - Banda Sea,Banda Sea,2025-10-28,15:40:18,739551.15,6.4,142.0,-6.744,130.02,False,17.0,635,USGS_RealTime,https://earthquake.usgs.gov/earthquakes/eventpage/us6000rjx3,,,,,,,,,,,
EARTHQUAKE_RECENT,EQ-20251027-TURKEY,"M 6.0 - 4 km ESE of Sındırgı, Turkey","4 km ESE of Sındırgı, Turkey",2025-10-27,20:48:28,739550.37,6.0,8.0,39.2333,28.2279,False,188.0,795,USGS_RealTime,https://earthquake.usgs.gov/earthquakes/eventpage/us6000rjsu,,,,,,,,,,,
EARTHQUAKE_RECENT,EQ-20251027-GUADELOUPE,"M 6.5 - 162 km E of Beauséjour, Guadeloupe","162 km E of Beauséjour, Guadeloupe",2025-10-27,13:38:40,739550.07,6.5,9.0,16.5295,-59.5718,True,120.0,729,USGS_RealTime,https://earthquake.usgs.gov/earthquakes/eventpage/us6000rjq8,,,,,,,,,,,
EARTHQUAKE_RECENT,EQ-20251022-COSTARICA,"M 5.9 - 7 km SSW of Quepos, Costa Rica","7 km SSW of Quepos, Costa Rica",2025-10-22,05:57:07,739544.75,5.9,31.021,9.3653,-84.1795,False,215.0,649,USGS_RealTime,https://earthquake.usgs.gov/earthquakes/eventpage/us6000ril5,,,,,,,,,,,
EARTHQUAKE_RECENT,EQ-20251016-INDONESIA,"M 6.5 - 194 km WNW of Abepura, Indonesia","194 km WNW of Abepura, Indonesia",2025-10-16,07:48:55,739538.83,6.5,35.0,-2.1676,138.9382,True,2.0,651,USGS_RealTime,https://earthquake.usgs.gov/earthquakes/eventpage/us6000rhg5,,,,,,,,,,,
EARTHQUAKE_RECENT,EQ-20251016-DRAKEPASSAGE,M 6.3 - Drake Passage,Drake Passage,2025-10-16,03:42:32,739538.65,6.3,10.0,-59.9066,-61.6217,True,1.0,611,USGS_RealTime,https://earthquake.usgs.gov/earthquakes/eventpage/us6000rhf2,,,,,,,,,,,
EARTHQUAKE_RECENT,EQ-20251012-PHILIPPINES,"M 5.7 - 2 km SSE of Tambongon, Philippines","2 km SSE of Tambongon, Philippines",2025-10-12,19:05:59,739535.3,5.7,10.0,10.9457,123.9375,False,180.0,631,USGS_RealTime,https://earthquake.usgs.gov/earthquakes/eventpage/us6000rgrd,,,,,,,,,,,
EARTHQUAKE_RECENT,EQ-20251010-DRAKEPASSAGE,M 7.6 - Drake Passage,Drake Passage,2025-10-10,22:29:20,739533.44,7.6,8.794,-60.1958,-61.799,True,5.0,893,USGS_RealTime,https://earthquake.usgs.gov/earthquakes/eventpage/us6000rgf4,,,,,,,,,,,
EARTHQUAKE_RECENT,EQ-20251010-PHILIPPINES,"M 6.7 - 23 km ESE of Santiago, Philippines","23 km ESE of Santiago, Philippines",2025-10-10,13:12:07,739533.05,6.7,61.184,7.1716,126.7553,True,49.0,722,USGS_RealTime,https://earthquake.usgs.gov/earthquakes/eventpage/us6000rg2r,,,,,,,,,,,
EARTHQUAKE_RECENT,EQ-20251010-PAPUANEWGUINEA,"M 6.3 - 134 km SE of Lorengau, Papua New Guinea","134 km SE of Lorengau, Papua New Guinea",2025-10-10,04:08:10,739532.67,6.3,10.0,-3.0262,147.9689,False,1.0,611,USGS_RealTime,https://earthquake.usgs.gov/earthquakes/eventpage/us6000rfye,,,,,,,,,,,
EARTHQUAKE_RECENT,EQ-20251010-PHILIPPINES,"M 7.4 - 20 km E of Santiago, Philippines","20 km E of Santiago, Philippines",2025-10-10,03:43:59,739532.66,7.4,58.087,7.2649,126.7545,True,257.0,1015,USGS_RealTime,https://earthquake.usgs.gov/earthquakes/eventpage/us6000rfwz,,,,,,,,,,,
EARTHQUAKE_RECENT,EQ-20251009-CHINA,"M 5.5 - 210 km N of Daocheng, China","210 km N of Daocheng, China",2025-10-09,07:17:40,739531.8,5.5,10.0,30.9113,99.92,False,5.0,654,USGS_RealTime,https://earthquake.usgs.gov/earthquakes/eventpage/us6000rfs1,,,,,,,,,,,
EARTHQUAKE_RECENT,EQ-20251007-AFGHANISTAN,"M 5.1 - 9 km SSE of Yangī Qal‘ah, Afghanistan","9 km SSE of Yangī Qal‘ah, Afghanistan",2025-10-07,13:35:29,739530.07,5.1,10.0,37.3857,69.6408,False,,650,USGS_RealTime,https://earthquake.usgs.gov/earthquakes/eventpage/us6000rfbw,,,,,,,,,,,
EARTHQUAKE_RECENT,EQ-20251007-PAPUANEWGUINEA,"M 6.6 - 20 km W of Lae, Papua New Guinea","20 km W of Lae, Papua New Guinea",2025-10-07,13:05:17,739530.05,6.6,103.933,-6.7555,146.815,True,72.0,710,USGS_RealTime,https://earthquake.usgs.gov/earthquakes/eventpage/us6000rfb2,,,,,,,,,,,
